data,municipio,fonte,titulo,link,resumo,classificacao,palavras_chave_detectadas,entidades_locais,eventos_problemas
Data não identificada,Tietê,climatempo.com.br,Clima e Saúde: Impactos do Tempo no seu Bem-Estar | Climatempo,https://www.climatempo.com.br/noticias/saude,"Sistema de baixa pressão, cavados e calor intenso espalham instabilidades pelo Sul, Sudeste, Centro-Oeste, Norte e parte do Nordeste, com alerta para volumes elevados de chuva e rajadas de vento.
As altas temperaturas em grande parte do Brasil tem elevado o desconforto térmico.
Esse cenário intensifica o cansaço, prejudica o sono e aumenta os riscos à saúde, especialmente para grupos mais vulneráveis.",Alta,"Cantareira, Tietê, chuva, seca",Cantareira,"chuva, seca"
Data não identificada,Americana,comitespcj.org.br,Comitês PCJ,https://www.comitespcj.org.br/comites-pcj/,"Deliberações dos Comitês PCJ (CBH-PCJ, PCJ FEDERAL e CBH-PJ1) ANO 2025 (aprovação, reunião plenária) 536/25 (11/12/25, 34ª Ordinária): Dispõe sobre a doação de bens imobilizados da Fundação Agência das Bacias PCJ, adquiridos com fonte da cobrança pelo uso dos recursos hídricos de domínio da União nas Bacias PCJ, e classificados como irrecuperáveis e antieconômicos.
535/25 (11/12/25, 34ª Ordinária): Define cronograma e regras para seleção de empreendimentos, na temática de saneamento, visando a indicação para obtenção de financiamento com recursos da Cobrança PCJ Paulista pelo uso dos recursos hídricos e da Compensação Financeira pela Utilização dos Recursos Hídricos para Fins de Geração de Energia Elétrica (CFURH), referente aos orçamentos de 2026 e 2027, e dá outras providências.
534/25 (11/12/25, 34ª Ordinária): Cancela a indicação de empreendimentos financiados com recursos da Cobrança PCJ Federal, referente aos exercícios 2023 e 2024 e dá outras providências.",Alta,"Agência PCJ, Americana, Cantareira, Comitês PCJ, PCJ, Sistema Cantareira, estiagem","Agência PCJ, Cantareira, Comitês PCJ, PCJ, Sistema Cantareira",estiagem
Data não identificada,Tietê,climatempo.com.br,Governo e Clima: Políticas Públicas e Ações Climáticas | Climatempo,https://www.climatempo.com.br/noticias/governo,"Mesmo com episódios de chuva, fatores acumulados como calor extremo, irregularidade das precipitações e períodos úmidos fracos mantêm o sistema Cantareira em nível crítico.
Radar de Porto Alegre identificou a célula que causou estragos no norte do RS; o alerta da Defesa Civil foi emitido 30 minutos antes da chegada da tempestade.
A tecnologia da Climatempo foi decisiva para a emissão do primeiro alerta da Defesa Civil com tecnologia Cell Broadcast no RS.",Alta,"Cantareira, Sistema Cantareira, Tietê, chuva, tempestade","Cantareira, Sistema Cantareira","chuva, tempestade"
Data não identificada,,climatempo.com.br,Infraestrutura e Clima: Últimas Notícias e impactos na economia | Climatempo,https://www.climatempo.com.br/noticias/infraestrutura,"Após duas ZCAS, acumulado de chuva sobe para quase 195 mm no mês e ajuda na recuperação do Catareira, mas armazenamento segue abaixo do registrado em 2025 e mantém cenário de atenção.
Mesmo com episódios de chuva, fatores acumulados como calor extremo, irregularidade das precipitações e períodos úmidos fracos mantêm o sistema Cantareira em nível crítico.
Mesmo com dois episódios de ZCAS, chuvas de janeiro tiveram baixa eficiência hidrológica e recuperação dos níveis segue lenta no principal subsistema elétrico do país.",Alta,"Cantareira, Sistema Cantareira, chuva","Cantareira, Sistema Cantareira",chuva
2026-03-12T10:49:00-03:00,Extrema,Agência Brasil,Entenda o que são “redpill” e outros termos de ódio contra mulheres,https://agenciabrasil.ebc.com.br/direitos-humanos/noticia/2026-03/entenda-o-que-sao-redpill-e-outros-termos-de-odio-contra-mulheres,"Há décadas, grupos de homens têm atuado em fóruns de internet, redes sociais e outros canais de comunicação para estimular hierarquias de gênero e ódio contra as mulheres.
Espaços e discursos de ódio, segundo especialistas, são combustíveis para ações concretas de violência, como o caso recente de estupro coletivo contra uma adolescente no Rio de Janeiro.
Ativistas e pesquisadores veem esses movimentos e ideologias como parte de um fenômeno estrutural chamado “misoginia”: o ódio contra as mulheres e a defesa da manutenção de privilégios históricos – sociais, culturais, econômicos e políticos – para os homens.",Média,"Extrema, vazamento",,vazamento
2026-03-12T10:00:45-03:00,Campinas,"Campinas acidade on | Notícias, vídeos, política, cultura e mais",Chuva faz Campinas fechar 11 parques e a Mata de Santa Genebra nesta quinta - ACidade ON Campinas,https://www.acidadeon.com/campinas/cotidiano/chuva-faz-campinas-fechar-11-parques-e-a-mata-de-santa-genebra-nesta-quinta/,"Medida foi tomada após índice de chuva ultrapassar 80 mm em 72 horas; locais ficam fechados por pelo menos 24 horas e situação será reavaliada na sexta-feira (13) Medida foi tomada após índice de chuva ultrapassar 80 mm em 72 horas; locais ficam fechados por pelo menos 24 horas e situação será reavaliada na sexta-feira (13) A Prefeitura de Campinas determinou o fechamento de 11 parques públicos e da Mata de Santa Genebra nesta quinta-feira (12) após o volume de chuva registrado na cidade superar o limite previsto em decreto municipal.
A medida vale por 24 horas e será reavaliada na sexta-feira (13) .
A decisão segue o decreto nº 24.175/2025 , que prevê a suspensão do funcionamento de parques e bosques quando o índice de precipitação ultrapassa 80 milímetros em um período de 72 horas .",Média,"Campinas, chuva",,chuva
2026-03-12T09:06:37-03:00,Piracicaba,sampi,JP1: PM é condenado a 58 anos por mortes em show em Piracicaba,https://sampi.net.br/piracicaba/noticias/2966917/cidade/2026/03/pm-e-condenado-a-58-anos-por-mortes-em-show-em-piracicaba-,"Após quase 20 horas de julgamento, o Tribunal do Júri de Piracicaba condenou o policial militar Leandro Henrique Pereira a 58 anos e 4 meses de prisão.
A decisão foi anunciada na madrugada desta quinta-feira (12), após os jurados considerarem o réu culpado pelos crimes ocorridos durante um show sertanejo realizado na cidade em novembro de 2022.
O policial foi condenado por dois homicídios duplamente qualificados e três tentativas de homicídio, também com qualificadoras.",Média,"Piracicaba, chuva",,chuva
2026-03-12T11:49:02+00:00,Limeira,eLimeira,Passageiro fica gravemente ferido após carro bater na traseira de caminhão em Limeira,https://elimeira.com.br/noticias/policia/passageiro-fica-gravemente-ferido-apos-carro-bater-na-traseira-de-caminhao-em-limeira/,"Acidente ocorreu durante a madrugada na Avenida Major José Levy Sobrinho; motorista foi preso por dirigir sob efeito de álcool Um homem de 48 anos ficou gravemente ferido após um acidente de trânsito registrado na madrugada desta quinta-feira (12), por volta de 2h30, na Avenida Major José Levy Sobrinho , próximo ao Monumental Bom Pastor , em Limeira (SP) .
Calheiro fica ferido após cair de mais de 6 metros em condomínio de Limeira A Polícia Militar (PM) foi acionada e, ao chegar ao local, constatou que a vítima já havia sido socorrida por uma equipe do Serviço de Atendimento Móvel de Urgência (Samu) e levada ao hospital.
De acordo com as informações apuradas junto aos policiais, o carro em que a vítima estava colidiu na traseira de um caminhão.",Média,"Limeira, chuva",,chuva
2026-03-12T08:48:33-03:00,Campinas,"Campinas acidade on | Notícias, vídeos, política, cultura e mais",Fábrica de gelo clandestina é interditada suspeita de usar água da chuva; três pessoas são presas - ACidade ON Campinas,https://www.acidadeon.com/campinas/piracicaba/fabrica-de-gelo-clandestina-e-interditada-suspeita-de-usar-agua-da-chuva-tres-pessoas-sao-presas/,"Segundo a GM, a ocorrência começou após uma denúncia de tráfico de drogas Segundo a GM, a ocorrência começou após uma denúncia de tráfico de drogas Uma fábrica de gelo clandestina foi interditada na noite desta quarta-feira (11) , no bairro Jardim Alvorada, em Cosmópolis .
De acordo com a GM (Guarda Municipal) , três pessoas foram presas em flagrante e, no local, foram apreendidas 29 porções de crack – veja as fotos abaixo .
Água coletada da chuva Ainda segundo os agentes, a água utilizada na fabricação vinha diretamente da encanação do imóvel e poderia ser de origem irregular, já que o local seria uma área de invasão.",Média,"Campinas, chuva",,chuva
2026-03-12T08:13:06-03:00,Piracicaba,sampi,JP1: VÍDEO: Chuva já dura 8 horas e altera rotina em Piracicaba,https://sampi.net.br/piracicaba/noticias/2966906/policia/2026/03/video-chuva-ja-dura-8-horas-e-altera-rotina-em-piracicaba-,"A madrugada chuvosa que avançou pela manhã desta quinta-feira (12), mudou completamente a rotina em Piracicaba.
A chuva intensa que caiu durante a noite continua de forma moderada, obrigou moradores a reorganizar a rotina logo cedo.
LEIA MAIS ""Era feliz e amava viver"", diz amiga de motorista que morreu em Piracicaba Honem que morreu atingido por carro no centro é identificado em Piracicaba Mesmo com a temperatura amena, em torno de 21 °C, sair de casa sem proteção tornou-se praticamente impossível.",Média,"Piracicaba, chuva",,chuva
2026-03-12T08:13:06-03:00,Piracicaba,sampi,Sampi: VÍDEO: Chuva já dura 8 horas e altera rotina em Piracicaba,https://sampi.net.br/nacional/noticias/2966906/policia/2026/03/video-chuva-ja-dura-8-horas-e-altera-rotina-em-piracicaba-,"A madrugada chuvosa que avançou pela manhã desta quinta-feira (12), mudou completamente a rotina em Piracicaba.
A chuva intensa que caiu durante a noite continua de forma moderada, obrigou moradores a reorganizar a rotina logo cedo.
LEIA MAIS ""Era feliz e amava viver"", diz amiga de motorista que morreu em Piracicaba Honem que morreu atingido por carro no centro é identificado em Piracicaba Mesmo com a temperatura amena, em torno de 21 °C, sair de casa sem proteção tornou-se praticamente impossível.",Média,"Piracicaba, chuva",,chuva
2026-03-12T08:00:00-03:00,Campinas,"Campinas acidade on | Notícias, vídeos, política, cultura e mais",Quinta-feira em Campinas terá chuva e risco de trovoadas ao longo do dia - ACidade ON Campinas,https://www.acidadeon.com/campinas/cotidiano/quinta-feira-em-campinas-tera-chuva-e-risco-de-trovoadas-ao-longo-do-dia/,"Previsão indica tempo instável, céu encoberto e temperaturas amenas nesta quinta (11) em Campinas Previsão indica tempo instável, céu encoberto e temperaturas amenas nesta quinta (11) em Campinas A quinta-feira (11) deve ser marcada por tempo fechado e chuva em vários momentos do dia em Campinas .
A previsão aponta céu nublado e instabilidade persistente, com possibilidade de pancadas fortes e trovoadas desde a manhã até a noite.
Segundo os modelos meteorológicos, as temperaturas ficam mais baixas do que nos últimos dias, variando entre 20 °C na madrugada e cerca de 22 °C durante a tarde, devido à grande quantidade de nuvens e à chuva frequente ao longo do período.",Média,"Campinas, chuva",,chuva
2026-03-12T10:32:19+00:00,Campinas,JR,Força Tática apreende arsenal e grande quantidade de drogas em Campinas,https://jr.jor.br/2026/03/12/forca-tatica-apreende-arsenal-e-grande-quantidade-de-drogas-em-campinas/,"A Força Tática do 35º Batalhão de Polícia Militar do Interior, em Campinas, realizou a prisão em flagrante de um homem suspeito de tráfico de drogas.
A ação teve início após informações repassadas pelo sistema de emergência 190, que indicavam a presença de um indivíduo envolvido com o comércio ilegal de entorpecentes na Rua Antônio Guilherme da Costa, no bairro Antônio Von Zuben.
Durante a abordagem, os policiais localizaram duas armas de fogo, centenas de munições de diferentes calibres e uma expressiva quantidade de drogas variadas, além de materiais utilizados para o preparo e fracionamento dos entorpecentes destinados à comercialização.",Média,"Campinas, seca",,seca
2026-03-11T21:44:59+00:00,Jundiaí,JR,Defesa Civil alerta para a possibilidade de chuva forte nas próximas 48 horas,https://jr.jor.br/2026/03/11/defesa-civil-alerta-para-a-possibilidade-de-chuva-forte-nas-proximas-48-horas/,"A Defesa Civil alerta para a possibilidade de chuvas intensas em Jundiaí.
De acordo com a Casa Militar da Defesa Civil estadual, o volume de chuva das próximas 48 horas pode chegar a até 100 milímetros, o que aumenta o risco de alagamentos, enxurradas e deslizamentos em áreas mais vulneráveis.
Diante da previsão, a orientação é para que moradores de áreas de risco redobrem a atenção.",Média,"Jundiaí, chuva",,chuva
2026-03-11T00:23:13-03:00,Extrema,EcoDebate,Eventos climáticos extremos e a limitada capacidade de resposta das cidades brasileiras,https://www.ecodebate.com.br/2026/03/11/eventos-climaticos-extremos-e-a-limitada-capacidade-de-resposta-das-cidades-brasileiras/,"Em um contexto de aceleração do aquecimento global e intensificação de eventos extremos, as cidades brasileiras enfrentarão desafios cada vez mais complexos Reinaldo Dias Articulista do EcoDebate, é Doutor em Ciências Sociais – Unicamp Especialista em Ciências Ambientais – USF Pesquisador associado do CPDI do IBRACHINA/IBRAWORK http://lattes.cnpq.br/5937396816014363 reinaldias@gmail.com Tragédias associadas a eventos climáticos extremos vêm se repetindo em diferentes cidades brasileiras com uma frequência cada vez maior.
Apesar disso, a preparação institucional para enfrentar esses episódios continua limitada em grande parte do país.
Em duas oportunidades anteriores tratei, no site do EcoDebate, de questões diretamente relacionadas ao tema abordado neste artigo.",Média,"Extrema, chuva",,chuva
2026-03-11T00:21:54-03:00,Botucatu,EcoDebate,Conservação e recuperação de ambientes rurais,https://www.ecodebate.com.br/2026/03/11/conservacao-e-recuperacao-de-ambientes-rurais/,"A conservação dos ambientes rurais começa com o reconhecimento de que solo, água, vegetação, fauna, relevo e infraestrutura não são elementos separados Artigo de Afonso Peche Filho* Falar em conservação e recuperação de ambientes rurais é tratar de um dos temas mais decisivos para o presente e o futuro da produção agrícola, da segurança hídrica, da estabilidade ecológica e da própria permanência digna da vida no campo.
Durante muito tempo, uma parte expressiva do pensamento técnico rural concentrou-se quase exclusivamente na maximização da produção imediata, tomando o ambiente como suporte passivo da atividade econômica.
Essa lógica fragmentada, ainda dominante em muitos contextos, contribuiu para naturalizar a retirada excessiva da cobertura vegetal, a simplificação biológica da paisagem, a compactação dos solos, a erosão, a perda de matéria orgânica, o assoreamento de cursos d’água, a contaminação difusa e a desorganização funcional das propriedades.",Média,"Botucatu, chuva, contaminação",,"chuva, contaminação"
2026-03-09T23:01:09+00:00,Bragança Paulista,Jornal de Bragança e Região - 11 Anos,"Apesar da chuva, centenas de romeiros participaram da 29° Caminhada Bragança Paulista - Pedra Bela",https://jornaldebraganca.com.br/noticia/4013/apesar-da-chuva-centenas-de-romeiros-participaram-29-caminhada-braganca-paulista-pedra-bel,"No sábado, 7 de março, a chuva foi intensa durante todo o dia.
Para se ter ideia, segundo a Defesa Civil, choveu mais de 70 mm (das 7h de sábado até 7h de domingo).
Na cidade de Serra Negra, que fica na Região Bragantina, chegou a cair 98 mm de chuva, no período da tarde.",Média,"Bragança Paulista, chuva",,chuva
2026-03-09T19:45:22+00:00,Extrema,jornalconexaoextrema.com,Forte chuva causa alagamento em túnel de acesso ao bairro Tenentes e gera transtornos em Extrema,https://jornalconexaoextrema.com/forte-chuva-causa-alagamento-em-tunel-de-acesso-ao-bairro-tenentes-e-gera-transtornos-em-extrema-2/,"Na tarde deste sábado (7), a chuva intensa não deu trégua em Extrema e o grande volume de água provocou diversos pontos de alagamento pela cidade e um dos locais afetados foi o túnel que dá acesso ao bairro Tenentes, onde motoristas enfrentaram dificuldades para transitar.
No trecho, o acúmulo de água chegou a impedir a passagem de veículos, e alguns motoristas que tentaram atravessar tiveram os carros parcialmente imersos, o que gerou transtornos no local.
De acordo com relatos, o problema já é recorrente, já que o sistema de drenagem não possui vazão suficiente para comportar o grande volume de água que se forma durante chuvas mais fortes.",Média,"Extrema, alagamento, chuva",,"alagamento, chuva"
2026-03-09T19:43:30+00:00,Extrema,jornalconexaoextrema.com,Forte chuva causa alagamento em túnel de acesso ao bairro Tenentes e gera transtornos em Extrema,https://jornalconexaoextrema.com/forte-chuva-causa-alagamento-em-tunel-de-acesso-ao-bairro-tenentes-e-gera-transtornos-em-extrema/,"Na tarde deste sábado (7), uma forte chuva atingiu o município de Extrema e provocou diversas ocorrências, entre elas a queda de um muro na Rua José Lupetti, nas proximidades da loja de doces ‘Esther Real’, mobilizando a rápida atuação das equipes de emergência da cidade.
Com o apoio da Defesa Civil, do Corpo de Bombeiros e de uma equipe da Secretaria Municipal de Obras, os profissionais realizaram a vistoria do local e iniciaram os trabalhos de limpeza da área, além do isolamento da via para garantir a segurança de motoristas e pedestres durante a operação.
Após avaliação técnica, foi constatado que a estrutura restante do muro apresentava risco iminente de desmoronamento e diante da situação, as equipes decidiram concluir a derrubada da parte comprometida da estrutura, com o auxílio de um maquinário, evitando com que os destroços pudessem cair de forma repentina e gerar outro acidente.",Média,"Extrema, alagamento, chuva",,"alagamento, chuva"
Data não identificada,Itirapina,Agência Fapesp,Agência Fapesp,https://agencia.fapesp.br/noticias,"Inteligência artificial identifica dor em bebês e pode auxiliar decisões médicas em UTI neonatal 12 de março de 2026 Ferramenta desenvolvida por pesquisadores da FEI e da Unifesp utiliza IA para interpretar expressões faciais de recém-nascidos com mais objetividade e precisão Marcio de Castro Silva Filho é reconduzido ao cargo de diretor científico da FAPESP 12 de março de 2026 Nomeação foi publicada quarta-feira (11/03) no Diário Oficial do Estado de São Paulo Centro de Estudos de Venenos e Animais Peçonhentos lança livro comemorativo 12 de março de 2026 Obra reúne cerca de uma centena de depoimentos sobre os mais de 30 anos de realizações do Cevap-Unesp ‘Andaime’ de grafeno recruta células ósseas e ajuda organismo a regenerar fratura 11 de março de 2026 Estruturas desenvolvidas por equipe da USP e da Faculdade Albert Einstein se combinam com polímeros de origem orgânica e podem recuperar também perda ou malformação dos ossos Pesquisadores obtêm avanço em técnica de imagem biomédica e tratamento de câncer 11 de março de 2026 Grupo da USP de São Carlos transformou a hidroxiapatita, um material biocerâmico, em nanopartícula com luminescência intrínseca aprimorada Laboratório Nacional de Guangzhou busca novas parcerias com instituições paulistas 11 de março de 2026 Cientistas da instituição visitaram a FAPESP para conhecer os programas da Fundação Pesquisadores criam índice para avaliar saúde do solo em manguezais 10 de março de 2026 Ferramenta pode apoiar gestores na definição de prioridades de conservação desses ecossistemas, chamados de “floresta de carbono azul”; Brasil tem a segunda maior área de mangue do planeta, atrás apenas da Indonésia Manifestação do Conselho Técnico-Administrativo (CTA) da FAPESP sobre a reestruturação da revista Pesquisa FAPESP 10 de março de 2026 Conselho Superior determinou ao CTA a implementação de uma reestruturação abrangente, com redimensionamento das equipes, buscando definir linhas editoriais complementares entre os canais de divulgação da FAPESP Diretor do Instituto Internacional de Análise de Sistemas Aplicados visita a FAPESP 10 de março de 2026 Referência na área de diplomacia científica, a entidade busca aumentar a sua representação na América Latina Cientistas descobrem ‘interruptor’ molecular que controla a digestão de carboidratos 10 de março de 2026 Estudo conduzido no CNPEM com apoio da FAPESP revela mecanismo em enzima da microbiota de capivara Apneia do sono agrava perda muscular em pessoas com DPOC, mostra estudo 09 de março de 2026 Pesquisa com 44 pacientes mostra que a combinação das duas doenças reduz força e desempenho físico, com impacto direto na qualidade de vida Mídia Ciência tem inscrições abertas para chamada do 1º semestre 09 de março de 2026 Bolsas se destinam a estudantes de graduação e profissionais diplomados em qualquer área que tenham concluído ou estejam realizando um curso de introdução ao jornalismo científico Simpósio multidisciplinar oferece vagas com custos pagos para jovens cientistas 09 de março de 2026 Programa reúne cientistas, engenheiros e profissionais da área médica em início ou meio de carreira da América Latina e Caribe, dos Estados Unidos e do Canadá para explorar avanços promissores e oportunidades em suas áreas Genoma completo da jararaca-ilhoa revela como evoluíram os genes responsáveis pelas toxinas do veneno 06 de março de 2026 Sequenciamento é um dos mais completos realizados em serpentes no mundo e serve como referência para todas as jararacas, o que pode contribuir com novas descobertas e para conservação da espécie da Ilha da Queimada Grande, ameaçada de extinção ‘O câncer cervical é uma doença que revela claramente inequidades’ 06 de março de 2026 Referência mundial em HPV, a pesquisadora Luisa Villa explica em entrevista à Agência FAPESP por que tumores de colo do útero ainda matam milhares de brasileiras, embora sejam quase totalmente evitáveis com vacinas e rastreamento Vacina da dengue mantém 80,5% de eficácia contra casos graves após cinco anos 06 de março de 2026 Estudo publicado na revista Nature Medicine confirma que a Butantan-DV protege de hospitalizações Estresse na adolescência provoca alterações cerebrais duradouras, aponta estudo com ratos 05 de março de 2026 Pesquisa realizada na USP mostra que mudanças no córtex pré-frontal causadas por estresse severo ou trauma na adolescência podem estar ligadas ao surgimento de transtornos como esquizofrenia e depressão Mudanças climáticas encurtam o período de floração e frutificação de espécies do Cerrado 05 de março de 2026 Estudo feito na Unesp avaliou 31 espécies de árvores e arbustos na região de Itirapina, centro-leste do Estado de São Paulo Pesquisadores da USP de São Carlos se destacam em Congresso Latino-Americano de Matemática Aplicada e Industrial 05 de março de 2026 Cientistas são vinculados ao Centro de Pesquisa Aplicada em Ciência de Dados para a Indústria Inteligente, um CPA-IA apoiado pela FAPESP Revisão harmoniza teoria e experimento no cálculo do momento magnético do múon 04 de março de 2026 Artigo assinado por centenas de pesquisadores mostra que a discrepância histórica entre a previsão teórica e os dados experimentais praticamente desapareceu; resultado é fundamental para validação do Modelo Padrão da Física de Partículas Bactérias detectadas em rio urbano, cão doméstico e lesões de pele ressaltam risco da multirresistência microbiana 04 de março de 2026 Variantes resistentes à maioria das classes de medicamentos, há pouco tempo encontradas apenas em ambiente hospitalar, são localizadas no rio Tietê, em São Paulo, em cachorro e em infecção de pele RCGI lança Observatório de Normas para impulsionar a inovação na transição energética 04 de março de 2026 Banco de dados aberto elaborado por Centro de Pesquisa Aplicada da FAPESP reduz barreiras para a viabilização de inovações tecnológicas Pesquisadores identificam ‘assinatura neuroimune’ que pode prever complicações da hepatite 03 de março de 2026 Rede de genes ligada aos sistemas nervoso e imunológico pode antecipar risco de câncer e até explicar sintomas como fadiga e depressão decorrente de infecção provocada por hepatite viral Estudo desenvolve nova rota para criar materiais semicondutores e metálicos com laser ultrarrápido 03 de março de 2026 Trabalho de pesquisadores do CDMF pode abrir caminhos promissores para aplicações em fotocatálise, optoeletrônica e fotônica FAPESP assina dois acordos de cooperação com instituições francesas 03 de março de 2026 Presidente da Fundação firmou Memorandos de Entendimento com a Região Île-de-France, que abrange Paris e é o coração político, cultural e econômico da França, e com a universidade Paris Sciences et Lettres Semente de planta comum no Brasil mostra potencial para remoção de microplásticos da água 02 de março de 2026 Extrato salino obtido de moringa, ou acácia-branca, apresentou propriedades semelhantes ao sulfato de alumínio no processo de coagulação que antecede a filtração da água para consumo humano Pesquisa aponta regiões ideais do genoma para criação de milho resistente à seca 02 de março de 2026 Identificação abre caminho para acelerar, baratear e tornar mais preciso o desenvolvimento de cultivares Bolsista da FAPESP lança blog sobre práticas ecologicamente sustentáveis na produção cenográfica teatral 02 de março de 2026 Série entrevista designers de performance de Gana, México, Japão, Taiwan, Finlândia, Estados Unidos, Austrália e Brasil Diminuição de presas aumenta risco de extinção da onça-pintada na Mata Atlântica 27 de fevereiro de 2026 Estudo aponta que a disponibilidade de alimento para o maior felino das Américas é determinante para sua ocorrência no interior de unidades de conservação do bioma, que abrange cerca de 15% do território brasileiro Estudo busca contribuir para o registro de pesticidas menos tóxicos e de origem natural 27 de fevereiro de 2026 Artigo de revisão traça a evolução das pesquisas sobre nanopesticidas verdes e sistematiza informações para ajudar os tomadores de decisão a classificar as novas formulações FAPESP amplia prazo de submissão para chamada do Programa CCD 27 de fevereiro de 2026 Interessados têm até 12 de março para submeter propostas na nova chamada de R$ 200 milhões do Programa Centros de Ciência para o Desenvolvimento Avaliação física simples ajuda a prever perda de independência em pessoas idosas 26 de fevereiro de 2026 Teste Sentar e Levantar, que usa apenas cronômetro e cadeira, se mostra tão eficaz quanto bateria completa para mensurar prejuízo funcional em até oito anos Conselho Superior define candidatos ao cargo de diretor científico da FAPESP 26 de fevereiro de 2026 Lista tríplice foi encaminhada ao governador do Estado de São Paulo para escolha e nomeação Pesquisa em neonatologia apoiada pela FAPESP é premiada 26 de fevereiro de 2026 Estudo da Escola Paulista de Medicina da Unifesp foi contemplado com o prêmio Nicola Albano, de incentivo à qualidade da assistência neonatal e da pesquisa científica na área Estudo traça relações genéticas entre 14 condições psiquiátricas e pode facilitar tratamentos no futuro 25 de fevereiro de 2026 Após comparar dados de mais de 1 milhão de pessoas diagnosticadas, consórcio internacional de pesquisadores agrupou os transtornos em cinco grandes grupos Manejo com redução de impacto é capaz de promover recuperação de floresta e estocar carbono 25 de fevereiro de 2026 Pesquisa realizada por 30 anos na Amazônia traz evidências de que boas práticas na exploração de madeira aumentam a biomassa acima do solo e podem contribuir para mitigar mudanças climáticas Grupo da UFSCar busca voluntários para estudo sobre doença pulmonar obstrutiva crônica 25 de fevereiro de 2026 Objetivo é avaliar os efeitos de um programa de reabilitação associado a estratégias de mudança de comportamento para o exercício físico Catalisador aprimorado melhora a conversão de etanol em hidrogênio 24 de fevereiro de 2026 Controle fino do processamento de material cerâmico do tipo perovskita aumenta a estabilidade do sistema e reduz custos, dispensando o uso de metais nobres Apoio a filhos com transtornos mentais tem custo equivalente a 50% da renda mensal da família 24 de fevereiro de 2026 Dados são de projeto ligado ao Centro de Pesquisa e Inovação em Saúde Mental.
Estudo foi realizado com 1.158 cuidadores de jovens entre 14 e 23 anos Newsletter do ConeCta-SP aborda barreiras ao rastreamento dos cânceres de colo do útero e de mama 24 de fevereiro de 2026 Projeto é um dos Centros de Ciência para o Desenvolvimento (CCDs) da FAPESP, com sede na Fundação Oncocentro de São Paulo (Fosp) Vírus do resfriado se ‘esconde’ e se multiplica nas amígdalas e adenoides mesmo em pessoas sem sintomas 23 de fevereiro de 2026 Estudo conduzido na USP mostra que o patógeno pode persistir por longos períodos nesses tecidos, ser transmitido de forma insuspeita e gerar novos surtos da doença Morar em favela influencia a forma como as pessoas se deslocam pela cidade 23 de fevereiro de 2026 Pesquisa com dados de telefonia móvel indica que a condição de moradia reduz a variabilidade de movimentações diárias Ex-bolsista da FAPESP é selecionada pelo programa Marie Curie Fellowship 23 de fevereiro de 2026 Thiécla Rosales trabalha no desenvolvimento de nanoformulações para a encapsulação de compostos naturais que atuam na prevenção e no tratamento do câncer colorretal Medicamento para osteoporose mostra potencial contra doenças causadas por excesso de ferro 20 de fevereiro de 2026 Em estudo preliminar, realizado em células humanas, dois fármacos comumente usados para inibir a reabsorção óssea se ligaram ao ferro em excesso, evitando os danos celulares Bioinsumo à base de microalgas pode reduzir a dependência de fertilizantes agrícolas 20 de fevereiro de 2026 Projeto usa efluentes tratados de cervejarias e da aquicultura de tilápia e camarão; biomassa resultante já é testada em lavouras de milho, banana, hortaliças e café em São Paulo e Minas Gerais Centro de Estudos de Carbono em Agricultura Tropical lança podcast 20 de fevereiro de 2026 Iniciativa denominada CCARBONCast busca tornar acessíveis à sociedade pesquisas nas áreas de clima, solo, carbono e agricultura tropical Além do tabagismo, obesidade e inflamação também são prejudiciais aos pulmões 19 de fevereiro de 2026 Estudo com quase 900 adultos indica que, embora fumar ainda seja a principal condição de risco, os dois fatores aceleram o envelhecimento do órgão e aumentam o risco de desenvolver doença pulmonar obstrutiva crônica (DPOC) Diversificação de dietas dos cupins foi possível graças a modificações no genoma 19 de fevereiro de 2026 Estudo muda entendimento sobre a evolução desses insetos ao revelar que divergência evolutiva ocorreu antes da ecológica e possibilitou que se alimentassem tanto de madeira quanto de solo; futuras descobertas podem ser aplicadas na produção de biocombustíveis Professor da USP recebe prêmio da Fundação Alexander von Humboldt 19 de fevereiro de 2026 Francisco Rodrigues foi reconhecido por suas contribuições científicas de alto impacto em matemática e passa a integrar a comunidade acadêmica da instituição alemã Uso de álcool e drogas pelos pais influencia consumo dos filhos, demonstra pesquisa 13 de fevereiro de 2026 Combinar acolhimento e monitoramento na educação dos jovens reduz risco de repetir padrão de consumo, mesmo nas famílias em que os responsáveis também usam essas substâncias, incluindo cigarro, vapes e maconha Mais lidas do mês Semente de planta comum no Brasil mostra potencial para remoção de microplásticos da água 02 de março de 2026 Semente de planta comum no Brasil mostra potencial para remoção de microplásticos da água Cientistas descobrem ‘interruptor’ molecular que controla a digestão de carboidratos 10 de março de 2026 Cientistas descobrem ‘interruptor’ molecular que controla a digestão de carboidratos Genoma completo da jararaca-ilhoa revela como evoluíram os genes responsáveis pelas toxinas do veneno 06 de março de 2026 Genoma completo da jararaca-ilhoa revela como evoluíram os genes responsáveis pelas toxinas do veneno ‘Andaime’ de grafeno recruta células ósseas e ajuda organismo a regenerar fratura 11 de março de 2026 ‘Andaime’ de grafeno recruta células ósseas e ajuda organismo a regenerar fratura Revisão harmoniza teoria e experimento no cálculo do momento magnético do múon 04 de março de 2026 Revisão harmoniza teoria e experimento no cálculo do momento magnético do múon Pesquisadores da USP de São Carlos se destacam em Congresso Latino-Americano de Matemática Aplicada e Industrial 05 de março de 2026 Pesquisadores da USP de São Carlos se destacam em Congresso Latino-Americano de Matemática Aplicada e Industrial Mudanças climáticas encurtam o período de floração e frutificação de espécies do Cerrado 05 de março de 2026 Mudanças climáticas encurtam o período de floração e frutificação de espécies do Cerrado Pesquisadores criam índice para avaliar saúde do solo em manguezais 10 de março de 2026 Pesquisadores criam índice para avaliar saúde do solo em manguezais Apneia do sono agrava perda muscular em pessoas com DPOC, mostra estudo 09 de março de 2026 Apneia do sono agrava perda muscular em pessoas com DPOC, mostra estudo Estresse na adolescência provoca alterações cerebrais duradouras, aponta estudo com ratos 05 de março de 2026 Estresse na adolescência provoca alterações cerebrais duradouras, aponta estudo com ratos 1 2 3 4 5 6 7",Média,"Itirapina, seca",,seca
Data não identificada,Socorro,Arteris S.A,Arteris S.A,https://www.arteris.com.br/fique-por-dentro/noticias-e-releases/no-carnaval-arteris-realiza-mais-de-9-mil-atendimentos-a-usuarios-nas-rodovias/,"20/02/2026 No Carnaval, Arteris realiza mais de 9 mil atendimentos a usuários nas rodovias Apoio mecânico e inspeção operacional foram os serviços mais acionados durante os dias 13 e 18 de fevereiro, nos trechos administrados pela companhia São Paulo, 20 de fevereiro de 2026 – A Arteris, uma das principais gestoras de rodovias do país, apresenta balanço operacional consolidado do feriado de Carnaval.
Entre os dias 13 e 18 de fevereiro, a companhia mobilizou sua estrutura de prontidão e realizou 9.106 atendimentos nas rodovias, garantindo serviços gratuitos e suporte aos viajantes, e reforçando seu compromisso primordial com a segurança viária.
Neste período, as sete concessionárias administradas pela companhia registraram a movimentação de mais de 6 milhões de veículos.",Média,"Socorro, seca",,seca
Data não identificada,Campinas,Capivari Online,"Capivari: Em três dias, acumulado de chuvas registra aumento de 333% na região",https://capivarionline.com.br/capivari-em-tres-acumulado-de-chuvas-registra-aumento-de-333-na-regiao/,"As cidades de Campinas, Monte Mor de Capivari registraram um acumulado de 331,8 milímetros de chuva entre os dias 04 de 06 de março, de acordo com a Defesa Civil de Capivari.
Os dados são da SIDEC- Sistema Integrado da Defesa Civil do Estado de São Paulo.
O aumento foi de 333% se comparado com o mesmo período do ano passado, quando choveu apenas 70,6 milímetros.",Média,"Campinas, chuva",,chuva
Data não identificada,Limeira,gazetadelimeira.com.br,Gazeta de Limeira,https://www.gazetadelimeira.com.br/noticias/editoria/11,Início Editorias Brasil WhatsApp lança recurso para pais limitarem quem pode falar com seus filhos Câmara aprova uso obrigatório de tornozeleira por agressores de mulher CPI do Crime mira braço do PCC na Faria Lima e “A Turma” do Master EUA vê PCC e CV como “ameaças à segurança regional” Escritório ligado à família de Moraes afirma que não atuou no STF Clientes do Banco do Brasil podem renegociar dívidas até o fim do mês Gilmar Mendes critica vazamento de mensagens íntimas de Vorcaro Banco Master: Senado tem assinaturas para CPI contra Toffoli e Moraes CNU 2025: governo divulga hoje reclassificação de candidatos Mega-Sena acumula e prêmio principal vai para R$ 50 milhões 1 2 ...,Média,"Limeira, vazamento",,vazamento
Data não identificada,Americana,sbnoticias.com.br,"Mulher e ex-namorado suspeitos de estupro e exploração sexual de filha adolescente são presos em Americana - SBNotícias, a sua cidade on-line",https://sbnoticias.com.br/noticia/Mulher-e-ex-namorado-suspeitos-de-estupro-e-exploracao-sexual-de-filha-adolescente-sao-presos-em-Americana/227404,"A Polícia Civil de Americana prendeu na manhã desta quarta-feira (11) na Vila Cordenonsi, uma mulher de 47 anos, investigada por explorar sexualmente a própria filha, de 14 anos e por ter recebido R$ 1,5 mil do ex-namorado por gravar um vídeo da adolescente sendo abusada sexualmente.
O ex-namorado da mãe foi preso em Sumaré, e segundo a Polícia Civil, confessou ter pago o valor após os atos sexuais.
A Delegacia de Defesa da Mulher-DDM de Americana iniciou as investigações após ser acionada pelo Conselho Tutelar sobre o vazamento de um vídeo de cunho sexual que circulou na escola estadual onde a adolescente estuda.",Média,"Americana, vazamento",,vazamento
Data não identificada,Americana,sbnoticias.com.br,"Notícias - SBNotícias, a sua cidade on-line",https://sbnoticias.com.br/noticias,"Nível do Ribeirão dos Toledos aumenta e preocupa com o risco de chuvas fortes e volumosas até sexta-feira O tempo segueinstável na região, com risco de períodos de chuvas fortes e volumosas em toda aRegião Metropolitana de Campinas-RMC.Em Santa Bárbara d’ Oeste, com as chuvas registradasdesde a noit Vacina antirrábica está temporariamente suspensa no Estado de São Paulo devido ao desabastecimento A Secretaria de Saúde de Santa Bárbara d’Oeste informou que a vacinação antirrábica de rotina para cães e gatos está temporariamente suspensa em todo o Estado de São Paulo.
A medida segue orientação d Manchetes dos principais jornais do país Folha de S.
Paulo = Falta de confiança no STF chega ao maior nível registrado, diz DatafolhaO Estado de S.",Média,"Americana, chuva",,chuva
Data não identificada,Atibaia,Portal da Cidade Atibaia / SP,Notícias de Atibaia / SP | Portal da Cidade,https://atibaia.portaldacidade.com/noticias,"Quinta-feira Previsão do tempo para Atibaia nesta quinta-feira (12) Chuva persiste em Atibaia e quinta-feira segue com alerta do tempo Publicado em 12/03/2026 às 08:10 assistência social CRAS orienta famílias e amplia acesso à assistência social em Atibaia Atendimento é voltado a crianças, idosos, pessoas com deficiência e famílias que precisam de apoio social; cidade conta com cinco unidades de atendimento Publicado em 11/03/2026 às 16:52 Aprovado Hospital estadual avança e pode beneficiar moradores de Atibaia e região Nova unidade prevista pelo governo estadual deve ampliar a rede de média e alta complexidade e atender pacientes de cidades da região, como Atibaia Publicado em 11/03/2026 às 15:29 Mês da mulher Mês da Mulher em Atibaia terá exames, apoio e cursos gratuitos Programação reúne ações de saúde, combate à violência e incentivo à geração de renda ao longo de março Publicado em 11/03/2026 às 11:36 Adoção Atibaia promove feira de adoção de cães e gatos nesta quarta-feira Evento acontece nesta quarta-feira (11), no Jardim Morumbi, com adoção responsável, orientação aos tutores e castração gratuita garantida Publicado em 11/03/2026 às 11:08 Quarta-feira Previsão do tempo para Atibaia nesta quarta-feira (11) Cidade amanheceu com garoa e deve seguir com tempo instável e temperaturas amenas Publicado em 11/03/2026 às 07:27 Acidente grave Motociclista morre após colisão na Fernão Dias, em Atibaia Acidente foi registrado no km 42 da rodovia, no sentido Belo Horizonte, e mobilizou equipes de resgate em Atibaia Publicado em 10/03/2026 às 19:10 Ao vivo Pet shop em Atibaia permite acompanhar banho e tosa do pet ao vivo Com vitrine no espaço de atendimento, a Sofisticão permite que tutores acompanhem o cuidado com os pets em tempo real Publicado em 10/03/2026 às 16:58 Força feminina Exposição em Atibaia celebra a força criativa das mulheres Mostra de Patrícia Amato, reúne obras inspiradas no universo feminino e integra a programação cultural aberta ao público em Atibaia Publicado em 10/03/2026 às 13:09 Atenção Obras interditam trechos da Avenida Brasil por até 40 dias em Atibaia Intervenção começou hoje, terça-feira (10), no bairro Chácaras Brasil e será feita por etapas, com bloqueios parciais conforme o avanço dos serviços Publicado em 10/03/2026 às 10:21 Oficinas Atibaia promove oficinas para discutir mudanças no transporte público Oficinas abertas ao público serão realizadas em março para ouvir usuários e discutir melhorias no transporte coletivo Publicado em 10/03/2026 às 09:17 Terça-feira Previsão do tempo para Atibaia nesta terça-feira (10) Tempo instável mantém alerta para chuva em Atibaia nesta terça Publicado em 10/03/2026 às 07:13 Caso esclarecido Quem dirigia o carro que caiu no Lago do Major em Atibaia?
Caso é esclarecido Boletim de ocorrência revelou novos detalhes sobre o carro que foi parar no Lago do Major, na região central de Atibaia Publicado em 09/03/2026 às 17:30 Semana do consumidor Atibaia terá ações do Procon na Semana do Consumidor Programação do Procon em Atibaia terá orientações presenciais e conteúdos educativos ao longo da Semana do Consumidor Publicado em 09/03/2026 às 16:55 Ataque Grávida é agredida a facadas e caso mobiliza PM e Samu Vítima foi socorrida após pedir ajuda; suspeito acabou localizado pela polícia com duas facas Publicado em 09/03/2026 às 13:21 Solidariedade Empresárias se reúnem em tarde de reflexão e solidariedade em Atibaia O encontro segue acontecendo mensalmente, unindo mulheres em torno da fé, da troca de experiências e da solidariedade Publicado em 09/03/2026 às 12:17 Homenagem Guardiã Maria da Penha é homenageada em evento da APAE de Atibaia Encontro pelo Dia da Mulher reuniu mães, assistidos e profissionais da rede de proteção para discutir acolhimento e combate à violência em Atibaia Publicado em 09/03/2026 às 08:45 Idade certa Atibaia lança programa para reforçar alfabetização infantil O programa faz parte da política municipal para garantir que as crianças da rede estejam alfabetizadas até o fim do 2º ano do Ensino Fundamental Publicado em 09/03/2026 às 08:18 Segunda-feira Previsão do tempo para Atibaia nesta segunda-feira (9) Atibaia tem segunda nublada com chance de chuva ao longo do dia Publicado em 09/03/2026 às 07:15 inscrições Abertas Atibaia abre inscrições para o 44º Torneio dos Trabalhadores Competição reúne equipes formadas por trabalhadores da cidade e terá disputas em 18 modalidades esportivas entre abril e 1º de maio.
Publicado em 06/03/2026 às 16:18 Solidariedade Estação Solidária leva doações gratuitas ao bairro do Portão em Atibaia Ação será realizada na sexta-feira (13), na quadra da Escola Nelson Pedroso, com distribuição gratuita de roupas, alimentos e outros itens para famílias Publicado em 06/03/2026 às 15:36 Manhã delas Atibaia recebe 2ª edição do projeto “Manhã Delas” neste sábado Evento reúne palestra, prática de yoga, café da manhã e ação social voltada ao bem-estar e ao fortalecimento das mulheres da comunidade Publicado em 06/03/2026 às 15:03 Atenção Secretaria de Finanças de Atibaia fecha mais cedo nesta sexta Expediente será encerrado com uma hora de antecedência devido à realização de serviços de dedetização no prédio Publicado em 06/03/2026 às 11:02 Gratuito Atibaia abre inscrições para cursos gratuitos de empreendedorismo Programação inclui ações do Mês da Mulher, cursos do Sebrae e capacitações para moradores que querem gerar renda ou iniciar um negócio Publicado em 06/03/2026 às 09:03 Fim de semana Previsão do tempo para o fim de semana em Atibaia Sensação térmica deve superar a temperatura real e há previsão de pancadas de chuva Publicado em 06/03/2026 às 08:35 Delegacia da mulher Atibaia terá delegacia exclusiva para atender mulheres vítimas de violência Espaço especializado para atender vítimas de violência doméstica está sendo preparado e deve ser inaugurado ainda neste mês em Atibaia Publicado em 05/03/2026 às 15:52 mutirão de emprego Atibaia terá mutirão de emprego com entrevistas e vagas imediatas Evento no dia 12 no PAT Alvinópolis reunirá empresas e candidatos para entrevistas presenciais e encaminhamento para vagas no mercado de trabalho Publicado em 05/03/2026 às 13:33 Prisão Procurado por estupro de vulnerável é preso pela PM em Atibaia Homem tentou voltar correndo para uma residência ao perceber a viatura, mas foi abordado e preso pela Polícia Militar em Atibaia Publicado em 05/03/2026 às 12:15 Prevenção Atibaia intensifica exames e vacinação contra câncer do colo do útero Exames preventivos, vacinação contra HPV e ações educativas serão intensificados nas unidades de saúde e escolas durante o Mês da Mulher Publicado em 05/03/2026 às 11:44 Exposição bonecões Atibaia expõe bonecões gigantes que animaram o Carnaval Mostra gratuita apresenta 23 bonecos gigantes que desfilaram na folia e agora podem ser vistos de perto no Centro Cultural André Carneiro Publicado em 05/03/2026 às 09:23",Média,"Atibaia, chuva",,chuva
Data não identificada,Santa Bárbara D Oeste,sbnoticias.com.br,"Nível do Ribeirão dos Toledos aumenta e preocupa com o risco de chuvas fortes e volumosas até sexta-feira - SBNotícias, a sua cidade on-line",https://sbnoticias.com.br/noticia/Nivel-do-Ribeirao-dos-Toledos-aumenta-e-preocupa-com-o-risco-de-chuvas-fortes-e-volumosas-ate-sexta-feira/227421,"O tempo segue instável na região, com risco de períodos de chuvas fortes e volumosas em toda a Região Metropolitana de Campinas-RMC.
Em Santa Bárbara d’ Oeste, com as chuvas registradas desde a noite de ontem (11), o nível do Ribeirão dos Toledos está bem acima do normal, com a previsão de mais chuvas até o sábado (14), os moradores do Jardim Conceição, São Joaquim e outros bairros ribeirinhos estão apreensivos.
A Defesa Civil informou que segue monitorando 24 horas os pontos de alagamento.",Média,"Santa Bárbara D Oeste, alagamento, chuva",,"alagamento, chuva"
Data não identificada,Atibaia,Agencia Futebol de base,Portal Atibaia News,https://www.portalatibaianews.com.br/noticias,"HOME Noticias Fundo Social e Defesa Civil do Estado enviam ajuda humanitária a Mairiporã Mutirão de castração registra mais de 150 faltas em dois dias; Prefeitura reforça importância do compromisso dos tutores Estrada da Pedra Grande será interditada temporariamente para continuidade das obras de pavimentação Atibaia terá dia com chuva forte e trovoada de manhã, à tarde e à noite, nesta quinta-feira, 12 Ministério da Agricultura e Pecuária entrega mais oito maquinários do Promaq para prefeituras paulistas População de Atibaia é convidada a participar da construção de um novo sistema de transporte público Rotary realiza coleta de sangue em Atibaia no próximo dia 20 Análise pericial reforça que morte da PM Gisele não condiz com suicídio Atibaia terá dia nublado e chuvoso com abertura de sol nesta quarta-feira, 11 Receba nossos informativos Mais lidas 01 Quermesse da Festa de Santa Ana começa neste final de semana em Atibaia 02 Atibaia terá dia nublado nesta quarta-feira (19).
Pode chover 03 CIEE Atibaia realiza mutirão de vagas de estágio e aprendizagem 04 Atibaia recebe comitiva do governo de Kochi, província do Japão 05 Férias sustentáveis: por que é importante promover a consciência ambiental ainda na infância?",Média,"Atibaia, chuva",,chuva
Data não identificada,Atibaia,Agencia Futebol de base,Portal Atibaia News,https://www.portalatibaianews.com.br/noticias/clima,"HOME Noticias Clima Atibaia terá dia com chuva forte e trovoada de manhã, à tarde e à noite, nesta quinta-feira, 12 Atibaia terá dia nublado e chuvoso com abertura de sol nesta quarta-feira, 11 Atibaia terá dia chuvoso com abertura de sol nesta terça-feira, 10 Atibaia terá dia nublado nesta segunda-feira, 9.
Pode chover rápido a qualquer hora Atibaia terá dia de sol com aumento de nuvens neste domingo, 8.
Pode chover a qualquer hora Atibaia terá dia nublado com abertura de sol neste sábado, 7.",Média,"Atibaia, chuva",,chuva
Data não identificada,Atibaia,Agencia Futebol de base,Portal Atibaia News,https://www.portalatibaianews.com.br/noticias/entretenimento,"HOME Noticias Entretenimento O Agente Secreto é indicado para quatro categorias do Oscar Festival de férias 'Diversão em Movimento' continua na próxima semana Devido à previsão de chuva, programação do 'Diversão em Movimento' acontece exclusivamente no Elefantão nesta sexta (16) Atibaia oferece atividades recreativas e esportivas nas férias de janeiro Sorteadas as seis dezenas da Mega da Virada: 09-13- 21-32-33-59 Horóscopo de Janeiro de 2026: é agora ou nunca Mega da Virada pode pagar até R$ 1 bilhão: saiba as dezenas mais sorteadas e entenda o que está por trás do sonho de ficar rico Suh Maya celebra raízes e amor familiar em faixa do EP 'DêndiCasa - Volume 1' Mega-Sena sorteia R$ 100 milhões nesta quinta-feira Receba nossos informativos Mais lidas 01 Quermesse da Festa de Santa Ana começa neste final de semana em Atibaia 02 Atibaia terá dia nublado nesta quarta-feira (19).
Pode chover 03 CIEE Atibaia realiza mutirão de vagas de estágio e aprendizagem 04 Atibaia recebe comitiva do governo de Kochi, província do Japão 05 Férias sustentáveis: por que é importante promover a consciência ambiental ainda na infância?",Média,"Atibaia, chuva",,chuva
Data não identificada,Atibaia,Agencia Futebol de base,Portal Atibaia News,https://www.portalatibaianews.com.br/noticias/infraestrutura,"HOME Noticias Infraestrutura Estrada da Pedra Grande será interditada temporariamente para continuidade das obras de pavimentação Confira a programação da Zeladoria Municipal desta semana em Atibaia Moradores apontam vazamento de esgoto em escola do Jd.
Alvinópolis Obras de esgoto devem interferir no trânsito da Avenida Brasil por até 40 dias Confira a programação da Zeladoria Municipal em Atibaia de 2 a 6 de março Ponte que dá acesso ao bairro Chácaras Fernão Dias cede após chuva intensa Confira a programação da Zeladoria Municipal de Atibaia Moradores reclamam de barulho excessivo em Estação de Tratamento do Caetetuba SAAE inicia implantação de rede coletora de esgoto na Rua Salvador Hernandez, no Caetetuba Receba nossos informativos Mais lidas 01 Quermesse da Festa de Santa Ana começa neste final de semana em Atibaia 02 Atibaia terá dia nublado nesta quarta-feira (19).
Pode chover 03 CIEE Atibaia realiza mutirão de vagas de estágio e aprendizagem 04 Atibaia recebe comitiva do governo de Kochi, província do Japão 05 Férias sustentáveis: por que é importante promover a consciência ambiental ainda na infância?",Média,"Atibaia, chuva, vazamento",,"chuva, vazamento"
Data não identificada,Atibaia,Portal da Cidade Atibaia / SP,Previsão do tempo para Atibaia nesta quarta-feira (11),https://atibaia.portaldacidade.com/noticias/cidade/previsao-do-tempo-para-atibaia-nesta-quarta-feira-11-3043-1421,"Quarta-feira Publicado em 11/03/2026 às 07:27 ilustrativa (Foto: Imagem da internet ) Atibaia amanheceu nesta quarta-feira (11) com garoa e temperatura na casa dos 20°C, em um cenário de tempo fechado que deve permanecer ao longo de todo o dia.
A previsão indica variação pequena nos termômetros, com máximas próximas de 22°C, o que mantém a sensação de um dia mais úmido e abafado para moradores e visitantes.
A principal atenção, no entanto, está nas condições de instabilidade.",Média,"Atibaia, alagamento, chuva",,"alagamento, chuva"
Data não identificada,Atibaia,Portal da Cidade Atibaia / SP,Previsão do tempo para Atibaia nesta quinta-feira (12),https://atibaia.portaldacidade.com/noticias/cidade/previsao-do-tempo-para-atibaia-nesta-quinta-feira-12-1239-1319,"Quinta-feira Publicado em 12/03/2026 às 08:10 ilustrativa (Foto: Imagem da internet ) Atibaia enfrenta nesta quinta-feira (12) mais um dia de tempo instável, com chuva prevista em diferentes períodos e temperaturas amenas.
No começo da manhã, os termômetros marcavam 20°C, e a máxima prevista para o dia é de 21°C, mantendo a sensação de frio leve e exigindo atenção de quem precisa circular pela cidade.
A principal informação para os moradores é que o município está sob alertas meteorológicos para acumulado de chuva e chuvas intensas, segundo o Instituto Nacional de Meteorologia.",Média,"Atibaia, chuva",,chuva
Data não identificada,Atibaia,Portal da Cidade Atibaia / SP,Previsão do tempo para Atibaia nesta terça-feira (10),https://atibaia.portaldacidade.com/noticias/cidade/previsao-do-tempo-para-atibaia-nesta-terca-feira-10-1551-3503,"Terça-feira Publicado em 10/03/2026 às 07:13 ilustrativa (Foto: Imagem da internet ) Os moradores de Atibaia devem enfrentar uma terça-feira (10) de tempo instável, com chuva já nas primeiras horas do dia e predomínio de nuvens ao longo do período.
Nesta manhã, os termômetros marcavam 19°C na cidade, em meio a pancadas de chuva, cenário que exige atenção de quem precisa sair de casa.
De acordo com a previsão, a temperatura deve variar entre 18°C e 22°C, com sensação térmica próxima dessa faixa durante o dia.",Média,"Atibaia, chuva",,chuva
Data não identificada,Americana,sbnoticias.com.br,"Tempo e Temperatura - SBNotícias, a sua cidade on-line",https://sbnoticias.com.br/noticia/Tempo-e-Temperatura/227418,"Máxima: 22° Mínima: 20° Chuva o dia todo com período de trovoadas.
MEMÓRIAS MEMÓRIAS: Malvino Mac Knight COLUNA SOCIAL União Barbarense 1 x 1 Paulista Desportivo Brasil 1 x 1 União Barbarense Musical ""Ópera do Malandro"", no Teatro Renault, em São Paulo União Barbarense 3 x 0 União Suzano DERBY 104 - RIO BRANCO 1 X 2 UNIÃO BARBARENSE Passeio em Valinhos - Rota do Figo - Sábado, 21/02/26 NOTÍCIAS MAIS LIDAS Morre dona Sebastiana Melloni Ávila Bueno, mãe do vereador Celso Ávilla; Câmara decreta luto oficial de três dias Por ciúmes, homem é preso após agredir e ameaçar a companheira com facas no Jardim Santa Rita Mulher e ex-namorado suspeitos de estupro e exploração sexual de filha adolescente são presos em Americana Gigante do setor agroenegético, Raízen pede recuperação extrajudicial Com retorno de Fabricio, União Barbarense encara o Paulista de Jundiai em casa buscando entrar no G-4 da série A-3 Rio Branco Esporte Clube encara Itapirense em confronto direto para se afastar do Z-2 da Série A-3 Vereador viabiliza recursos para novo fardamento da Guarda Municipal Inscrições para o vestibular da Univesp encerram nesta quarta-feira com 44 vagas no Polo Santa Bárbara Vereador solicita convocação de secretários para esclarecimentos na Câmara",Média,"Americana, chuva",,chuva
Data não identificada,Campinas,Agência Social de Notícias,"Unidos do Candinho dá show debaixo de chuva em Sousas, Campinas",http://agenciasn.com.br/arquivos/21249,"Postado por: ASN 09/02/2026 em Cidadania Comentários desativados A forte chuva que caiu sobre o distrito de Sousas, em Campinas, na tarde do último sábado, 7 de fevereiro, acabou se tornando parte da cena e do sentido do desfile do Bloco Unidos do Candinho .
O temporal acompanhou o cortejo e dialogou diretamente com o samba-enredo deste ano, transformando a apresentação em um momento de grande emoção e afeto coletivo.
Por volta das 13 horas, usuários e profissionais do Serviço de Saúde Dr.",Média,"Campinas, chuva",,chuva
Data não identificada,Piracicaba,G1,VÍDEOS: Tudo sobre Piracicaba e região,https://g1.globo.com/sp/piracicaba-regiao/edicao/2021/02/08/videos-tudo-sobre-piracicaba-e-regiao.ghtml,"Quem faz parte da 2ª Turma do STF, que vai discutir prisão de Vorcaro Israel quer tomar territórios no Líbano e fala em ofensiva contra Hezbollah Irã fala pela 1ª vez em fim da guerra, mas impõe condições Inflação: pressionados pela educação, preços sobem 0,70% em fevereiro 4 são presos em operação contra venda de armas feitas em impressoras 3D Preço do diesel nos postos do Brasil dispara 7%; Cade investiga alta Como funcionam as minas navais que ameaçam navios no Estreito de Ormuz Chuva e temperaturas baixas seguem no Sul e Sudeste; veja previsão pelo país",Média,"Piracicaba, chuva",,chuva
2026-03-12T09:01:26-03:00,,"Ribeirão Preto acidade on | Notícias, vídeos, política, cultura e mais",Avenida Adelmo Perdizza é liberada após chuva causar alagamento em Ribeirão Preto - ACidade ON Ribeirão Preto,https://www.acidadeon.com/ribeiraopreto/cotidiano/avenida-adelmo-perdizza-e-liberada-apos-chuva-causar-alagamento-em-ribeirao-preto/,"Via que liga ao Anel Viário Sul foi bloqueada nesta quarta (11), depois de voltar a ficar alagada Via que liga ao Anel Viário Sul foi bloqueada nesta quarta (11), depois de voltar a ficar alagada A avenida Adelmo Perdizza foi liberada ao trânsito nesta quinta-feira (12), depois de um alagamento provocado pela chuva, que bloqueou a via nesta quarta-feira (11), em Ribeirão Preto.
Segundo a RP Mobi , o alagamento foi registrado na altura do número 1.231, no bairro Residencial Florida .
Há um mês, a avenida também foi fechada por causa de alagamento .",Baixa,"alagamento, chuva",,"alagamento, chuva"
2026-03-12T07:52:51.161-03:00,,G1,Chuva em Ubatuba: temporal causa quedas de árvores e alagamentos | G1,https://g1.globo.com/sp/vale-do-paraiba-regiao/noticia/2026/03/12/chuva-provoca-quedas-de-arvores-de-postes-de-energia-e-alaga-ruas-em-ubatuba-sp.ghtml,"Chuva causa estragos em cidades da região Uma chuva intensa, acompanhada de ventos fortes, provocou transtornos em Ubatuba , no Litoral Norte de São Paulo, entre quarta-feira (11) e quinta-feira (12).
Segundo a Defesa Civil de SP, houve registro de quedas de árvores, queda de poste de energia elétrica e pontos de alagamento na cidade.
As ocorrências começaram durante a madrugada de quarta-feira, com uma queda de árvore que bloqueou o trânsito na Estrada Archisio Ceschi.",Baixa,"alagamento, chuva",,"alagamento, chuva"
2026-03-12T05:03:29.664-03:00,,G1,O que é chuva ácida e quais são os seus riscos? | G1,https://g1.globo.com/meio-ambiente/noticia/2026/03/12/o-que-e-chuva-acida-e-quais-sao-os-seus-riscos.ghtml,"Irã alerta moradores de Teerã para risco de chuva ácida — Foto: Majid Asgaripour/WANA (West Asia News Agency) via REUTERS O ataque contra depósitos de petróleo lançou uma fumaça escura e densa sobre Teerã, a capital do Irã, no sábado (7).
O resultado foi uma combinação de óxidos de enxofre e compostos de nitrogênio que, juntos com a umidade do ar, podem resultar em chuva ácida.
As autoridades e o Crescente Vermelho do Irã alertaram os moradores para permanecerem em casa.",Baixa,"chuva, poluição, seca",,"chuva, poluição, seca"
2026-03-08T02:54:51+00:00,Campo Limpo Paulista,"Portal Paulínia - Portal com notícias de Paulínia, Eventos, Vagas de Emprego e Blog de Opinião.","Rota da Água: Governo de SP lança pacote de R$ 1,28 bilhão em saneamento e entrega nova ETE em Paulínia - Portal Paulínia",https://portalpaulinia.com/rota-da-agua-governo-de-sp-lanca-pacote-de-r-128-bilhao-em-saneamento-e-entrega-nova-ete-em-paulinia/,"Estação de Tratamento de Esgoto inaugurada na cidade vai beneficiar cerca de 109 mil moradores O Governo do Estado de São Paulo anunciou neste sábado (7) um pacote de R$ 1,28 bilhão em investimentos em saneamento básico para 11 municípios das regiões das bacias do Pardo-Grande e dos rios Piracicaba, Capivari e Jundiaí (PCJ).
O anúncio foi realizado em Paulínia , durante a entrega da nova Estação de Tratamento de Esgoto (ETE) do município.
A agenda contou com a presença do governador Tarcísio de Freitas , da secretária de Meio Ambiente, Infraestrutura e Logística Natália Resende e do prefeito de Paulínia Danilo Barros , além de autoridades regionais.",Baixa,"Campo Limpo Paulista, PCJ",PCJ,
2026-03-06T18:43:53.116Z,Capivari,REBOB.ORG.BR,Abertura do Projeto Gota d’Água destaca a importância do envolvimento social na gestão da água,https://www.rebob.org.br/post/abertura-do-projeto-gota-d-água-destaca-a-importância-do-envolvimento-social-na-gestão-da-água,"há 6 dias 3 min de leitura Evento inaugural das capacitações do ano de 2026 aconteceu no auditório da ArcelorMittal, em Piracicaba (SP), com a presença de 140 pessoas O Consórcio PCJ, por meio do Programa de Educação e Sensibilização Ambiental, inaugurou na última quarta-feira (25) as capacitações do Projeto “Gota d’Água”, que tem como tema para 2026, “A Gestão da Água através do Tempo”.
A abertura oficial aconteceu no auditório da empresa associada, ArcelorMittal, em Piracicaba (SP), com a presença de 140 pessoas, entre educadores e profissionais das áreas de água, saneamento e meio ambiente.
As fotos do encontro podem ser acessadas no Flickr.",Baixa,"Capivari, Comitês PCJ, PCJ","Comitês PCJ, PCJ",
Data não identificada,,envolverde.com.br,6 tendências na agenda da água tratada para 2026 - Envolverde,https://envolverde.com.br/noticia/6-tendencias-na-agenda-da-agua-tratada-para-2026,"Em 2026, o acesso à água potável seguirá como um dos grandes desafios da capacidade do Brasil para cumprir suas promessas de desenvolvimento sustentável.
Apesar de avanços desde o Novo Marco Legal do Saneamento em 2020, legislação que atualizou as regras para o setor, com o objetivo de universalizar o saneamento básico no Brasil até 2033, garantindo 99% de acesso à água potável, o país ainda convive com um cenário desigual: milhões de brasileiros seguem sem água tratada.
Segundo um levantamento recente do Instituto Trata Brasil , dos 5.570 municípios brasileiros, 5.079 têm acesso à água tratada (91,2% do total).",Baixa,"contaminação, falta de água",,"contaminação, falta de água"
Data não identificada,Americana,comitespcj.org.br,AGÊNCIA DAS BACIAS PCJ,https://www.comitespcj.org.br/agencia-bacias-pcj/,"Documentos legais Resolução CNRH nº 111 , de 21/07/2010, que “Delega competência à Fundação Agências das Bacias Hidrográficas dos Rios Piracicaba, Capivari e Jundiaí para o exercício de funções inerentes à Agência de Água das Bacias Hidrográficas dos Rios Piracicaba, Capivari e Jundiaí.” (PDF, 57 Kb) Apresentação sobre os Comitês PCJ (CBH-PCJ, PCJ FEDERAL e CBH-PJ) (PDF, 1.011 Kb) Justificativas para a implantação da Fundação Agência de Bacias (PDF, 35 Kb) Lei nº 10.020/98 , de 03/07/98, que “Autoriza o Poder Executivo a participar das Agências de Bacias Hidrográficas dos corpos de água superficiais e subterrâneos de domínio do Estado de São Paulo e dá outras povidências correlatas” Decreto nº 50.667/06 , de 30/03/06, que “Regulamenta dispositivos da Lei nº 12.183/05 , de 29 de dezembro de 2005, que trata da cobrança pela utilização dos recursos hídricos do domíniodo estado de São Paulo, e dá outras providências correlatas”.
Lei n.º 7.663/91 , de 30/12/91, que “Estabelece normas de orientação à Política Estadual de Recursos Hídricos bem como ao Sistema Integrado de Gerenciamento de Recursos Hídricos” (alterada pela Lei nº 9.034/94 ).
Deliberação CBH-PCJ nº 060/98 , de 21/08/96, que “Cria Comissão tripartite para instituição da Fundação Agência das Bacias Hidrográficas dos Rios Piracicaba, Capivari e Jundiaí (CT-AG)” Deliberação CBH-PCJ nº 029/96 , de 12/01/96, que “Aprova emendas ao Anteprojeto de Lei que autoriza o Poder Executivo a participar da constituição de Agências de Bacias Hidrográficas” Deliberação CBH-PCJ nº 014/94 , de 21/12/94, que “Aprova minuta de anteprojeto de lei autorizando o poder executivo a participar da criação da Fundação Agência das Bacias dos Rios Piracicaba, Capivari e Jundiaí” Deliberação CBH-PCJ nº 005/93 , de 18/11/93, que “Aprova a proposta de criação de Agência das Bacias dos rios Piracicaba, Capivari e Jundiaí” Relação com os Municípios que aprovaram a Lei da Fundação Agência de Bacias (atualizado em 15/10/09) O total de Projetos de Lei aprovados são 47, totalizando 4.748.710 milhões de habitantes (estimativa IBGE 2008), conforme a planilha abaixo: Definidos os Conselhos Deliberativo e Fiscal da Fundação Agência das Bacias PCJ (09/09/09) A Câmara Técnica de Planejamento – CT-PL dos Comitês PCJ, na sua 32ª Reunião Ordinária, realizada em Americana/SP, procedeu a escolha dos membros dos segmentos Município, Organizações Civis e Usuários de Recursos Hídricos que formarão os Conselhos Deliberativo e Fiscal da Fundação Agência das Bacias PCJ.",Baixa,"Americana, Cantareira, Comitês PCJ, PCJ, Sistema Cantareira","Cantareira, Comitês PCJ, PCJ, Sistema Cantareira",
Data não identificada,Americana,comitespcj.org.br,CBH-PCJ,https://www.comitespcj.org.br/cbh-pcj/,"MEMBROS Composição da Diretoria do Comitê das Bacias Hidrográficas dos Rios Piracicaba, Capivari e Jundiaí – CBH-PCJ (Comitê Estadual Paulista) Mandato 2025-2027 Endereços para correspondência: Secretaria Executiva dos Comitês PCJ Rua Alfredo Guedes nº 1949 – Sala 604 – Ed.
Racz Center CEP: 13416-901 – Piracicaba/SP Email: se.pcj@comites.baciaspcj.org.br Relação dos atuais membros do segmento Órgãos do Governo no Plenário do CBH-PCJ com direito a voto SEMIL André Luiz Sanchez Navarro (Titular) Bruno Franco de Souza (Suplente) SEMIL André Luiz Sanchez Navarro (Titular) Bruno Franco de Souza (Suplente) Secretaria da Fazenda e Planejamento Aguardando indicação.
Secretaria de Governo e Relações Institucionais Hídeo Augusto Dendini (Titular) Célio Soares de Souza (Suplente) Secretaria de Desenvolvimento Econômico Caroline Nais (Titular) Sueli Aparecida Rodrigues Cavalhero (Suplente) Polícia Militar Ambiental de São Paulo André Manoel da Silva (Titular) Cléber Rodrigues Ventrone (Suplente) Secretaria de Agricultura e Abastecimento Denis Herisson da Silva (Titular) Henrique Bellinaso (Suplente) Secretaria de Agricultura e Abastecimento Denis Herisson da Silva (Titular) Henrique Bellinaso (Suplente) CETESB Maria da Penha de Oliveira Alencar (Titular) Adriana Salvaia Guimarães Alves (Suplente) CETESB Maria da Penha de Oliveira Alencar (Titular) Adriana Salvaia Guimarães Alves (Suplente) SP Águas Felipe Gobet de Aguiar (Titular) Sarah Janaína Menuzzo Quental (Suplente) SP Águas Felipe Gobet de Aguiar (Titular) Sarah Janaína Menuzzo Quental (Suplente) Secretaria da Saúde Luiz Alberto Buschinelli Carneiro (Titular) Marcos Cesar Prado (Suplente) Secretaria da Saúde Luiz Alberto Buschinelli Carneiro (Titular) Marcos Cesar Prado (Suplente) Secretaria de Esportes Solange Guerra Bueno (Titular) Inês de Salles Gonçalves (Suplente) Fundação Florestal Antônio Álvaro Buso Junior (Titular) Cleide de Oliveira (Suplente) Relação dos atuais membros do segmento Municípios no Plenário do CBH-PCJ com direito a voto P.M.",Baixa,"Americana, Comitês PCJ, PCJ","Comitês PCJ, PCJ",
Data não identificada,Camanducaia,comitespcj.org.br,CBH-PJ1,https://www.comitespcj.org.br/cbg-pj1/,"MEMBROS Composição da Diretoria do Comitê da Bacia Hidrográfica do Rio Piracicaba e Jaguari – CBH-PJ1 (Comitê Estadual Mineiro) para o mandato 2023-2027 Endereços para correspondência: Secretaria Executiva dos Comitês PCJ Rua Alfredo Guedes № 1949 – Sala 604 – Ed.
Racz Center CEP: 13416-901 – Piracicaba/SP Email: se.pcj@comites.baciaspcj.org.br ; presidentecbhpj@comites.baciaspcj.org.br EMATER-MG Marcelina Batista da Costa SEAPA Hélio João de Farias Neto IMA Mariana Cristina Souza Santos IEF Raquel Junqueira Costa Polícia Militar de Minas Claudinei Soares Gonçalves SEMAD Daniel Iscold Andrade de Oliveira P.M.
de Sapucaí-Mirim Geovane Rodolfo Pereira Diógenes P.M.",Baixa,"Camanducaia, Comitês PCJ, PCJ","Comitês PCJ, PCJ",
Data não identificada,Atibaia,comitespcj.org.br,Comites PCJ,https://www.comitespcj.org.br/index.php?option=com_content&view=category&layout=blog&id=11&Itemid=286#content,"Agenda de todos os eventos a serem realizados, promovidos ou organizados pelos Comitês PCJ ou suas Câmaras Técnicas.
Próximos 6 Eventos: Data: Hora: Local: Comentários: CT-AS Águas Subterrâneas CT-EA Educação Ambiental CT-ID Integração e Difusão de Pesquisas e Tecnologias CT-Indústria Uso e Conservação da Água na Indústria CT-Mananciais Proteção e Conservação dos Mananciais CT-MH Monitoramento Hidrológico CT-OL Outorgas e Licenças CT-PB Plano de Bacias CT-Rural Uso e Conservação da Água no Meio Rural CT-SA Saneamento CT-SAM Saúde Ambiental GT EMPREENDIMENTOS As Bacias PCJ correspondem à área territorial das bacias hidrográficas dos rios Piracicaba, Capivari e Jundiaí, que englobam os estados de São Paulo e Minas Gerais.
Destaca-se que a bacia do Rio Piracicaba é subdivida ainda em outras quatro sub-bacias, sendo Corumbataí, Jaguari, Atibaia e Camanducaia.",Baixa,"Atibaia, Comitês PCJ, PCJ","Comitês PCJ, PCJ",
Data não identificada,Atibaia,comitespcj.org.br,Comites PCJ,https://www.comitespcj.org.br/,"Agenda de todos os eventos a serem realizados, promovidos ou organizados pelos Comitês PCJ ou suas Câmaras Técnicas.
Próximos 6 Eventos: Data: Hora: Local: Comentários: CT-AS Águas Subterrâneas CT-EA Educação Ambiental CT-ID Integração e Difusão de Pesquisas e Tecnologias CT-Indústria Uso e Conservação da Água na Indústria CT-Mananciais Proteção e Conservação dos Mananciais CT-MH Monitoramento Hidrológico CT-OL Outorgas e Licenças CT-PB Plano de Bacias CT-Rural Uso e Conservação da Água no Meio Rural CT-SA Saneamento CT-SAM Saúde Ambiental GT EMPREENDIMENTOS As Bacias PCJ correspondem à área territorial das bacias hidrográficas dos rios Piracicaba, Capivari e Jundiaí, que englobam os estados de São Paulo e Minas Gerais.
Destaca-se que a bacia do Rio Piracicaba é subdivida ainda em outras quatro sub-bacias, sendo Corumbataí, Jaguari, Atibaia e Camanducaia.",Baixa,"Atibaia, Comitês PCJ, PCJ","Comitês PCJ, PCJ",
Data não identificada,Capivari,comitespcj.org.br,Estatuto do CBH-PCJ,https://www.comitespcj.org.br/estatuto-do-cbh-pcj-2/,"Estatuto do Comitê das Bacias Hidrográficas dos Rios Piracicaba, Capivari e Jundiaí CBH-PCJ Aprovado pela Deliberação CBH-PCJ nº001/93 , de 18/11/93, e alterado pela Deliberação CBH-PCJ nº 054/98 , de 21/08/98, e alterado pela Deliberação CBH-PCJ nº 092/00 , de 09/05/00, e alterado pela Deliberação CBH-PCJ nº 132/03 , de 20/01/03, e alterado pela Deliberação CBH-PCJ nº 143/03 , de 10/12/03, e alterado pela Deliberação CBH-PCJ nº 164/07 , de 30/03/07, e alterado pela Deliberação Conjunta dos Comitês PCJ nº 098/08 , de 27/06/08, e alterado pela Deliberação dos Comitês PCJ nº 106/11 , de 31/03/11, e alterado pela Deliberação dos Comitês PCJ nº 155/12 , de 14/12/12, e alterado pela Deliberação dos Comitês PCJ nº 316/19 , de 25/04/19, e alterado pela Deliberação dos Comitês PCJ nº 371/21 , de 07/10/2021, e alterado pela Deliberação dos Comitês PCJ nº 413/22 , de 04/10/2022 Acesso ao Estatuto do CBH-PCJ vigente.",Baixa,"Capivari, Comitês PCJ, PCJ","Comitês PCJ, PCJ",
Data não identificada,Atibaia,comitespcj.org.br,HISTÓRICO,https://www.comitespcj.org.br/historico/,"Introdução: Histórico do Sistema de Gestão de Recursos Hídricos de São Paulo A preocupação com um Sistema de Gestão de Recursos Hídricos data de 1982, quando o DAEE tomou a iniciativa de promover a série de Encontros de órgãos gestores de recursos hídricos, federais e estaduais (o primeiro em São Paulo, os seguintes em outras capitais e o último em Porto Alegre).
As conclusões e recomendações desses Encontros foram consubstanciados num Relatório Final do Grupo de Trabalho instituído pela Portaria 661 de 05 de maio de 1986 do Ministro de Minas e Energia.
Por fim, na Constituição Federal de 1988, artigo 21, inciso XIX, foi explicitada a necessidade de instituição do Sistema Nacional de Gerenciamento de Recursos Hídricos.",Baixa,"Atibaia, Cantareira, PCJ, Sistema Cantareira","Cantareira, PCJ, Sistema Cantareira",
Data não identificada,,climatempo.com.br,Moda e Clima: Sustentabilidade e Tendências do Setor | Climatempo,https://www.climatempo.com.br/noticias/moda,"Cosméticos, tecidos e materiais de construção: o agronegócio brasileiro é protagonista silencioso em diversas áreas do nosso dia a dia Enfrentando um cenário meteorológico excepcional, as empresas do varejo são bastante impactadas, exigindo adaptação rápida e estratégias inovadoras.
Norte do Brasil: Chuvas intensas e previsões otimistas.
Previsão: nebulosidade, chuva e alerta para temporais.",Baixa,"chuva, seca",,"chuva, seca"
Data não identificada,,comitespcj.org.br,ORGANOGRAMA DOS COMITÊS PCJ,https://www.comitespcj.org.br/organograma-dos-comites-pcj/,Resumo não disponível.,Baixa,"Comitês PCJ, PCJ","Comitês PCJ, PCJ",
Data não identificada,Americana,comitespcj.org.br,PCJ FEDERAL,https://www.comitespcj.org.br/pcj-federal/,"MEMBROS Composição da Diretoria do Comitê das Bacias Hidrográficas dos Rios Piracicaba, Capivari e Jundiaí – PCJ FEDERAL (comitê FEDERAL) para o Mandato 2025-2027 Endereços para correspondência: Secretaria Executiva dos Comitês PCJ Rua Alfredo Guedes n 1949 – Sala 604 – Ed.
Racz Center CEP: 13416-901 – Piracicaba/SP Email: se.pcj@comites.baciaspcj.org.br Relação dos atuais membros do segmento Órgãos do Governo no Plenário do PCJ FEDERAL com direito a voto SEMIL André Luiz Sanchez Navarro (Titular) Bruno Franco de Souza (Suplente) SEMIL André Luiz Sanchez Navarro (Titular) Bruno Franco de Souza (Suplente) Secretaria da Fazenda e Planejamento Aguardando indicação.
Secretaria de Governo e Relações Institucionais Hídeo Augusto Dendini (Titular) Célio Soares de Souza (Suplente) Secretaria de Desenvolvimento Econômico Caroline Nais (Titular) Sueli Aparecida Rodrigues Cavalhero (Suplente) Polícia Militar Ambiental de São Paulo André Manoel da Silva (Titular) Cléber Rodrigues Ventrone (Suplente) Secretaria de Agricultura e Abastecimento Denis Herisson da Silva (Titular) Henrique Bellinaso (Suplente) Secretaria de Agricultura e Abastecimento Denis Herisson da Silva (Titular) Henrique Bellinaso (Suplente) EMATER-MG Marcelina Batista da Costa SEAPA Hélio João de Farias Neto IMA Mariana Cristina Souza Santos IEF Raquel Junqueira Costa Polícia Militar de Minas Gerais Claudinei Soares Gonçalves SEMAD Daniel Iscold A.",Baixa,"Americana, Comitês PCJ, PCJ","Comitês PCJ, PCJ",
Data não identificada,,comitespcj.org.br,Planejamento Estratégico dos Comitês PCJ,https://www.comitespcj.org.br/planejamento-estrategico-dos-comites-pcj-2/,"O Planejamento Estratégico desenvolvido pelos Comitês PCJ foi composto por duas fases.
A primeira fase teve seus resultados aprovados por meio da Deliberação Conjunta dos Comitês PCJ nº 116/20, de 30/06/2020 , e compreendeu a elaboração das Declarações Corporativas dos Comitês PCJ de Missão, Visão de Futuro, Atributos da Visão de Futuro, e Valores, e a Análise SWOT.
A segunda fase do Planejamento compreendeu a elaboração do Mapa Estratégico e Plano de Ações dos Comitês PCJ e teve seus resultados aprovados por meio da Deliberação dos Comitês PCJ nº 379/21, de 07/10/2021 .",Baixa,"Comitês PCJ, PCJ","Comitês PCJ, PCJ",
Data não identificada,Capivari,comitespcj.org.br,Regimento do PCJ FEDERAL,https://www.comitespcj.org.br/regimento-do-pcj-federal/,"Regimento Interno do Comitê das Bacias Hidrográficas dos Rio Piracicaba, Capivari e Jundiaí PCJ FEDERAL Aprovado pela Deliberação Diretoria Provisória 009/03 , de 17/01/03; e alterado pela Deliberação Conjunta dos Comitês PCJ nº 098/08 , de 27/06/08, e alterado pela Deliberação dos Comitês PCJ nº 157/12 , de 14/12/12, e alterado pela Deliberação dos Comitês PCJ nº 372/21 , de 07/10/2021, e alterado pela Deliberação dos Comitês PCJ nº 414/22 , de 04/10/2022 Acesso ao Regimento do PCJ FEDERAL vigente.",Baixa,"Capivari, Comitês PCJ, PCJ","Comitês PCJ, PCJ",
Data não identificada,,Só Notícia Boa,Superflorada volta ao Vale da Morte: acontece a cada 10 anos; vídeo | Só Notícia Boa,http://www.sonoticiaboa.com.br/2026/03/11/superflorada-vale-da-morte-acontece-cada-10-anos,"Um verdadeiro espetáculo da natureza está de volta.
Após 10 anos, uma superflorada está enchendo de cores, flores e vida o Parque Nacional do Vale da Morte, na Califórnia (EUA).
As flores silvestres da primavera voltaram após “uma confluência de condições climáticas ideais” que levou chuva com espaçamento ideal e deixou os bulbos e as raízes prontos para eclodir.",Baixa,"chuva, seca",,"chuva, seca"
Data não identificada,,envolverde.com.br,Torneiras secas: A resiliência hídrica depende das florestas - Envolverde,https://envolverde.com.br/noticia/torneiras-secas-a-resiliencia-hidrica-depende-das-florestas,"𝗗𝗮𝗹 𝗠𝗮𝗿𝗰𝗼𝗻𝗱𝗲𝘀 - A gestão hídrica exige superar o mito da água infinita: em 2026, a resiliência econômica depende de trocar o concreto pela infraestrutura verde.
Sem preservar biomas e investir em Pagamentos por Serviços Ambientais (PSA), a engenharia só entregará canos secos e conflitos sociais.
Por Dal Marcondes e Equipe Envolverde - No Brasil de 2026, a crise hídrica deixou de ser um evento cíclico para se tornar uma condição permanente de gestão.",Baixa,"chuva, seca",,"chuva, seca"
